{
    "model_name": "CyberDefender_20251212_10000",
    "evaluation_date": "2025-12-12T14:17:36.156564",
    "metrics": {
        "accuracy": 0.9405,
        "precision_weighted": 0.9410143725577998,
        "recall_weighted": 0.9405,
        "f1_weighted": 0.9401887134140884,
        "precision_macro": 0.9409980094351411,
        "recall_macro": 0.9408582537469506,
        "f1_macro": 0.9403639667135192,
        "precision_micro": 0.9405,
        "recall_micro": 0.9405,
        "f1_micro": 0.9405,
        "precision_per_class": [
            0.9170616113744076,
            0.9568733153638814,
            0.9579207920792079,
            1.0,
            0.8731343283582089
        ],
        "recall_per_class": [
            0.9723618090452262,
            0.874384236453202,
            0.9822335025380711,
            1.0,
            0.8753117206982544
        ],
        "f1_per_class": [
            0.9439024390243902,
            0.9137709137709138,
            0.9699248120300752,
            1.0,
            0.8742216687422167
        ],
        "confusion_matrix": [
            [
                387,
                0,
                11,
                0,
                0
            ],
            [
                0,
                355,
                0,
                0,
                51
            ],
            [
                7,
                0,
                387,
                0,
                0
            ],
            [
                0,
                0,
                0,
                401,
                0
            ],
            [
                28,
                16,
                6,
                0,
                351
            ]
        ],
        "mcc": 0.9259057196992049,
        "cohen_kappa": 0.9256305544679632,
        "roc_auc_ovr": 0.9966121412142184,
        "roc_auc_ovo": 0.9966323850185244,
        "roc_auc_per_class": [
            0.9977822947446345,
            0.9963193255496289,
            0.9994737374439759,
            1.0,
            0.9895477067181953
        ],
        "classification_report": {
            "Brute Force": {
                "precision": 0.9170616113744076,
                "recall": 0.9723618090452262,
                "f1-score": 0.9439024390243902,
                "support": 398.0
            },
            "DDoS": {
                "precision": 0.9568733153638814,
                "recall": 0.874384236453202,
                "f1-score": 0.9137709137709138,
                "support": 406.0
            },
            "Port Scan": {
                "precision": 0.9579207920792079,
                "recall": 0.9822335025380711,
                "f1-score": 0.9699248120300752,
                "support": 394.0
            },
            "SQL Injection": {
                "precision": 1.0,
                "recall": 1.0,
                "f1-score": 1.0,
                "support": 401.0
            },
            "XSS": {
                "precision": 0.8731343283582089,
                "recall": 0.8753117206982544,
                "f1-score": 0.8742216687422167,
                "support": 401.0
            },
            "accuracy": 0.9405,
            "macro avg": {
                "precision": 0.9409980094351411,
                "recall": 0.9408582537469506,
                "f1-score": 0.9403639667135192,
                "support": 2000.0
            },
            "weighted avg": {
                "precision": 0.9410143725577998,
                "recall": 0.9405,
                "f1-score": 0.9401887134140884,
                "support": 2000.0
            }
        }
    },
    "confusion_matrix_metrics": {
        "Brute Force": {
            "tp": 387,
            "fp": 35,
            "fn": 11,
            "tn": 1567,
            "accuracy": 0.977,
            "precision": 0.9170616113744076,
            "recall": 0.9723618090452262,
            "specificity": 0.9781523096129837,
            "f1_score": 0.9439024390243903
        },
        "DDoS": {
            "tp": 355,
            "fp": 16,
            "fn": 51,
            "tn": 1578,
            "accuracy": 0.9665,
            "precision": 0.9568733153638814,
            "recall": 0.874384236453202,
            "specificity": 0.9899623588456713,
            "f1_score": 0.9137709137709137
        },
        "Port Scan": {
            "tp": 387,
            "fp": 17,
            "fn": 7,
            "tn": 1589,
            "accuracy": 0.988,
            "precision": 0.9579207920792079,
            "recall": 0.9822335025380711,
            "specificity": 0.9894146948941469,
            "f1_score": 0.9699248120300752
        },
        "SQL Injection": {
            "tp": 401,
            "fp": 0,
            "fn": 0,
            "tn": 1599,
            "accuracy": 1.0,
            "precision": 1.0,
            "recall": 1.0,
            "specificity": 1.0,
            "f1_score": 1.0
        },
        "XSS": {
            "tp": 351,
            "fp": 51,
            "fn": 50,
            "tn": 1548,
            "accuracy": 0.9495,
            "precision": 0.8731343283582089,
            "recall": 0.8753117206982544,
            "specificity": 0.9681050656660413,
            "f1_score": 0.8742216687422166
        }
    },
    "summary": {
        "accuracy": 0.9405,
        "precision": 0.9410143725577998,
        "recall": 0.9405,
        "f1_score": 0.9401887134140884,
        "roc_auc": 0.9966121412142184
    }
}