{
    "model_name": "CyberDefender_20251213_20000",
    "evaluation_date": "2025-12-13T14:15:16.816686",
    "metrics": {
        "accuracy": 0.963,
        "precision_weighted": 0.9632698621676026,
        "recall_weighted": 0.963,
        "f1_weighted": 0.9629951269633545,
        "precision_macro": 0.9630865288509358,
        "recall_macro": 0.9627337004527543,
        "f1_macro": 0.9627708632886257,
        "precision_micro": 0.963,
        "recall_micro": 0.963,
        "f1_micro": 0.963,
        "precision_per_class": [
            0.9667458432304038,
            0.9391979301423027,
            0.9948849104859335,
            1.0,
            0.9146039603960396
        ],
        "recall_per_class": [
            1.0,
            0.9132075471698113,
            0.9823232323232324,
            0.9826946847960445,
            0.9354430379746835
        ],
        "f1_per_class": [
            0.9830917874396136,
            0.9260204081632653,
            0.98856416772554,
            0.9912718204488778,
            0.9249061326658323
        ],
        "confusion_matrix": [
            [
                814,
                0,
                0,
                0,
                0
            ],
            [
                0,
                726,
                0,
                0,
                69
            ],
            [
                14,
                0,
                778,
                0,
                0
            ],
            [
                14,
                0,
                0,
                795,
                0
            ],
            [
                0,
                47,
                4,
                0,
                739
            ]
        ],
        "mcc": 0.9538176712544215,
        "cohen_kappa": 0.9537473187898861,
        "roc_auc_ovr": 0.998344087347738,
        "roc_auc_ovo": 0.9983291772523828,
        "roc_auc_per_class": [
            0.9993664697054527,
            0.9964721003934497,
            0.9997858888133202,
            0.9998582230074619,
            0.9961784770692851
        ],
        "classification_report": {
            "Brute Force": {
                "precision": 0.9667458432304038,
                "recall": 1.0,
                "f1-score": 0.9830917874396136,
                "support": 814.0
            },
            "DDoS": {
                "precision": 0.9391979301423027,
                "recall": 0.9132075471698113,
                "f1-score": 0.9260204081632653,
                "support": 795.0
            },
            "Port Scan": {
                "precision": 0.9948849104859335,
                "recall": 0.9823232323232324,
                "f1-score": 0.98856416772554,
                "support": 792.0
            },
            "SQL Injection": {
                "precision": 1.0,
                "recall": 0.9826946847960445,
                "f1-score": 0.9912718204488778,
                "support": 809.0
            },
            "XSS": {
                "precision": 0.9146039603960396,
                "recall": 0.9354430379746835,
                "f1-score": 0.9249061326658323,
                "support": 790.0
            },
            "accuracy": 0.963,
            "macro avg": {
                "precision": 0.9630865288509358,
                "recall": 0.9627337004527543,
                "f1-score": 0.9627708632886257,
                "support": 4000.0
            },
            "weighted avg": {
                "precision": 0.9632698621676026,
                "recall": 0.963,
                "f1-score": 0.9629951269633545,
                "support": 4000.0
            }
        }
    },
    "confusion_matrix_metrics": {
        "Brute Force": {
            "tp": 814,
            "fp": 28,
            "fn": 0,
            "tn": 3158,
            "accuracy": 0.993,
            "precision": 0.9667458432304038,
            "recall": 1.0,
            "specificity": 0.9912115505335845,
            "f1_score": 0.9830917874396136
        },
        "DDoS": {
            "tp": 726,
            "fp": 47,
            "fn": 69,
            "tn": 3158,
            "accuracy": 0.971,
            "precision": 0.9391979301423027,
            "recall": 0.9132075471698113,
            "specificity": 0.9853354134165366,
            "f1_score": 0.9260204081632654
        },
        "Port Scan": {
            "tp": 778,
            "fp": 4,
            "fn": 14,
            "tn": 3204,
            "accuracy": 0.9955,
            "precision": 0.9948849104859335,
            "recall": 0.9823232323232324,
            "specificity": 0.9987531172069826,
            "f1_score": 0.9885641677255401
        },
        "SQL Injection": {
            "tp": 795,
            "fp": 0,
            "fn": 14,
            "tn": 3191,
            "accuracy": 0.9965,
            "precision": 1.0,
            "recall": 0.9826946847960445,
            "specificity": 1.0,
            "f1_score": 0.9912718204488778
        },
        "XSS": {
            "tp": 739,
            "fp": 69,
            "fn": 51,
            "tn": 3141,
            "accuracy": 0.97,
            "precision": 0.9146039603960396,
            "recall": 0.9354430379746835,
            "specificity": 0.9785046728971962,
            "f1_score": 0.9249061326658323
        }
    },
    "summary": {
        "accuracy": 0.963,
        "precision": 0.9632698621676026,
        "recall": 0.963,
        "f1_score": 0.9629951269633545,
        "roc_auc": 0.998344087347738
    }
}