{
    "model_name": "CyberDefender_20251230_LTSM",
    "evaluation_date": "2025-12-30T23:18:49.563747",
    "metrics": {
        "accuracy": 0.9687,
        "precision_weighted": 0.970994623936284,
        "recall_weighted": 0.9687,
        "f1_weighted": 0.9686389668053811,
        "precision_macro": 0.7143004347074351,
        "recall_macro": 0.7284466593135145,
        "f1_macro": 0.7184360568712052,
        "precision_micro": 0.9687,
        "recall_micro": 0.9687,
        "f1_micro": 0.9687,
        "precision_per_class": [
            0.965230166503428,
            0.9967248908296943,
            0.14285714285714285,
            0.0,
            0.9984623270117888,
            0.9979623025980642,
            0.8988662131519274
        ],
        "recall_per_class": [
            0.9984802431610942,
            0.8898635477582846,
            0.25,
            0.0,
            0.9818548387096774,
            0.9824473420260782,
            0.9964806435394671
        ],
        "f1_per_class": [
            0.9815737051792829,
            0.9402677651905252,
            0.18181818181818182,
            0.0,
            0.9900889453621347,
            0.9901440485216073,
            0.9451597520267048
        ],
        "confusion_matrix": [
            [
                1971,
                0,
                2,
                0,
                0,
                1,
                0
            ],
            [
                2,
                1826,
                0,
                0,
                0,
                1,
                223
            ],
            [
                0,
                2,
                1,
                0,
                0,
                1,
                0
            ],
            [
                0,
                2,
                1,
                0,
                0,
                0,
                0
            ],
            [
                34,
                0,
                2,
                0,
                1948,
                0,
                0
            ],
            [
                35,
                0,
                0,
                0,
                0,
                1959,
                0
            ],
            [
                0,
                2,
                1,
                0,
                3,
                1,
                1982
            ]
        ],
        "mcc": 0.9615053324116276,
        "cohen_kappa": 0.9608940880844299,
        "roc_auc_ovr": 0.9986944302629056,
        "roc_auc_ovo": 0.9827557408215603,
        "roc_auc_per_class": [
            0.9997451292418182,
            0.9970543486365078,
            0.943827531012405,
            0.9457837351205362,
            0.9999217165467452,
            0.9998753442440736,
            0.9971257469697116
        ],
        "classification_report": {
            "Brute Force": {
                "precision": 0.965230166503428,
                "recall": 0.9984802431610942,
                "f1-score": 0.9815737051792829,
                "support": 1974.0
            },
            "DDoS": {
                "precision": 0.9967248908296943,
                "recall": 0.8898635477582846,
                "f1-score": 0.9402677651905252,
                "support": 2052.0
            },
            "Malware": {
                "precision": 0.14285714285714285,
                "recall": 0.25,
                "f1-score": 0.18181818181818182,
                "support": 4.0
            },
            "Phishing": {
                "precision": 0.0,
                "recall": 0.0,
                "f1-score": 0.0,
                "support": 3.0
            },
            "Port Scan": {
                "precision": 0.9984623270117888,
                "recall": 0.9818548387096774,
                "f1-score": 0.9900889453621347,
                "support": 1984.0
            },
            "SQL Injection": {
                "precision": 0.9979623025980642,
                "recall": 0.9824473420260782,
                "f1-score": 0.9901440485216073,
                "support": 1994.0
            },
            "XSS": {
                "precision": 0.8988662131519274,
                "recall": 0.9964806435394671,
                "f1-score": 0.9451597520267048,
                "support": 1989.0
            },
            "accuracy": 0.9687,
            "macro avg": {
                "precision": 0.7143004347074351,
                "recall": 0.7284466593135145,
                "f1-score": 0.7184360568712052,
                "support": 10000.0
            },
            "weighted avg": {
                "precision": 0.970994623936284,
                "recall": 0.9687,
                "f1-score": 0.9686389668053811,
                "support": 10000.0
            }
        }
    },
    "confusion_matrix_metrics": {
        "Brute Force": {
            "tp": 1971,
            "fp": 71,
            "fn": 3,
            "tn": 7955,
            "accuracy": 0.9926,
            "precision": 0.965230166503428,
            "recall": 0.9984802431610942,
            "specificity": 0.9911537503114877,
            "f1_score": 0.9815737051792829
        },
        "DDoS": {
            "tp": 1826,
            "fp": 6,
            "fn": 226,
            "tn": 7942,
            "accuracy": 0.9768,
            "precision": 0.9967248908296943,
            "recall": 0.8898635477582846,
            "specificity": 0.9992450931051837,
            "f1_score": 0.9402677651905251
        },
        "Malware": {
            "tp": 1,
            "fp": 6,
            "fn": 3,
            "tn": 9990,
            "accuracy": 0.9991,
            "precision": 0.14285714285714285,
            "recall": 0.25,
            "specificity": 0.9993997599039616,
            "f1_score": 0.18181818181818182
        },
        "Phishing": {
            "tp": 0,
            "fp": 0,
            "fn": 3,
            "tn": 9997,
            "accuracy": 0.9997,
            "precision": 0.0,
            "recall": 0.0,
            "specificity": 1.0,
            "f1_score": 0.0
        },
        "Port Scan": {
            "tp": 1948,
            "fp": 3,
            "fn": 36,
            "tn": 8013,
            "accuracy": 0.9961,
            "precision": 0.9984623270117888,
            "recall": 0.9818548387096774,
            "specificity": 0.999625748502994,
            "f1_score": 0.9900889453621348
        },
        "SQL Injection": {
            "tp": 1959,
            "fp": 4,
            "fn": 35,
            "tn": 8002,
            "accuracy": 0.9961,
            "precision": 0.9979623025980642,
            "recall": 0.9824473420260782,
            "specificity": 0.9995003747189608,
            "f1_score": 0.9901440485216072
        },
        "XSS": {
            "tp": 1982,
            "fp": 223,
            "fn": 7,
            "tn": 7788,
            "accuracy": 0.977,
            "precision": 0.8988662131519274,
            "recall": 0.9964806435394671,
            "specificity": 0.9721632754961927,
            "f1_score": 0.9451597520267048
        }
    },
    "summary": {
        "accuracy": 0.9687,
        "precision": 0.970994623936284,
        "recall": 0.9687,
        "f1_score": 0.9686389668053811,
        "roc_auc": 0.9986944302629056
    }
}