{
    "model_name": "CyberDefender_20251212_50000",
    "evaluation_date": "2025-12-12T14:07:54.035900",
    "metrics": {
        "accuracy": 0.9567,
        "precision_weighted": 0.9611460715867506,
        "recall_weighted": 0.9567,
        "f1_weighted": 0.9564858042633677,
        "precision_macro": 0.8006780129299623,
        "recall_macro": 0.7973766202099007,
        "f1_macro": 0.7969869135719881,
        "precision_micro": 0.9567,
        "recall_micro": 0.9567,
        "f1_micro": 0.9567,
        "precision_per_class": [
            0.9650993698497334,
            0.9994026284348865,
            0.0,
            0.9845,
            1.0,
            0.8550660792951542
        ],
        "recall_per_class": [
            1.0,
            0.8356643356643356,
            0.0,
            0.9830254618072891,
            0.9812900049236829,
            0.9842799188640974
        ],
        "f1_per_class": [
            0.9822397631968426,
            0.9102285092491839,
            0.0,
            0.9837621783662254,
            0.9905566600397614,
            0.9151343705799151
        ],
        "confusion_matrix": [
            [
                1991,
                0,
                0,
                0,
                0,
                0
            ],
            [
                0,
                1673,
                0,
                0,
                0,
                329
            ],
            [
                0,
                1,
                0,
                0,
                0,
                0
            ],
            [
                34,
                0,
                0,
                1969,
                0,
                0
            ],
            [
                38,
                0,
                0,
                0,
                1993,
                0
            ],
            [
                0,
                0,
                0,
                31,
                0,
                1941
            ]
        ],
        "mcc": 0.9470846770270301,
        "cohen_kappa": 0.9458824384588338,
        "roc_auc_ovr": 0.9983989753431979,
        "roc_auc_ovo": 0.984655021909731,
        "roc_auc_per_class": [
            0.9994167159635013,
            0.9969410434526713,
            0.9066906690669067,
            0.9997177548670119,
            0.999901019700972,
            0.9960115508499157
        ],
        "classification_report": {
            "Brute Force": {
                "precision": 0.9650993698497334,
                "recall": 1.0,
                "f1-score": 0.9822397631968426,
                "support": 1991.0
            },
            "DDoS": {
                "precision": 0.9994026284348865,
                "recall": 0.8356643356643356,
                "f1-score": 0.9102285092491839,
                "support": 2002.0
            },
            "Malware": {
                "precision": 0.0,
                "recall": 0.0,
                "f1-score": 0.0,
                "support": 1.0
            },
            "Port Scan": {
                "precision": 0.9845,
                "recall": 0.9830254618072891,
                "f1-score": 0.9837621783662254,
                "support": 2003.0
            },
            "SQL Injection": {
                "precision": 1.0,
                "recall": 0.9812900049236829,
                "f1-score": 0.9905566600397614,
                "support": 2031.0
            },
            "XSS": {
                "precision": 0.8550660792951542,
                "recall": 0.9842799188640974,
                "f1-score": 0.9151343705799151,
                "support": 1972.0
            },
            "accuracy": 0.9567,
            "macro avg": {
                "precision": 0.8006780129299623,
                "recall": 0.7973766202099007,
                "f1-score": 0.7969869135719881,
                "support": 10000.0
            },
            "weighted avg": {
                "precision": 0.9611460715867506,
                "recall": 0.9567,
                "f1-score": 0.9564858042633677,
                "support": 10000.0
            }
        }
    },
    "confusion_matrix_metrics": {
        "Brute Force": {
            "tp": 1991,
            "fp": 72,
            "fn": 0,
            "tn": 7937,
            "accuracy": 0.9928,
            "precision": 0.9650993698497334,
            "recall": 1.0,
            "specificity": 0.9910101136221751,
            "f1_score": 0.9822397631968427
        },
        "DDoS": {
            "tp": 1673,
            "fp": 1,
            "fn": 329,
            "tn": 7997,
            "accuracy": 0.967,
            "precision": 0.9994026284348865,
            "recall": 0.8356643356643356,
            "specificity": 0.9998749687421855,
            "f1_score": 0.9102285092491837
        },
        "Malware": {
            "tp": 0,
            "fp": 0,
            "fn": 1,
            "tn": 9999,
            "accuracy": 0.9999,
            "precision": 0.0,
            "recall": 0.0,
            "specificity": 1.0,
            "f1_score": 0.0
        },
        "Port Scan": {
            "tp": 1969,
            "fp": 31,
            "fn": 34,
            "tn": 7966,
            "accuracy": 0.9935,
            "precision": 0.9845,
            "recall": 0.9830254618072891,
            "specificity": 0.9961235463298737,
            "f1_score": 0.9837621783662255
        },
        "SQL Injection": {
            "tp": 1993,
            "fp": 0,
            "fn": 38,
            "tn": 7969,
            "accuracy": 0.9962,
            "precision": 1.0,
            "recall": 0.9812900049236829,
            "specificity": 1.0,
            "f1_score": 0.9905566600397615
        },
        "XSS": {
            "tp": 1941,
            "fp": 329,
            "fn": 31,
            "tn": 7699,
            "accuracy": 0.964,
            "precision": 0.8550660792951542,
            "recall": 0.9842799188640974,
            "specificity": 0.9590184354758345,
            "f1_score": 0.9151343705799152
        }
    },
    "summary": {
        "accuracy": 0.9567,
        "precision": 0.9611460715867506,
        "recall": 0.9567,
        "f1_score": 0.9564858042633677,
        "roc_auc": 0.9983989753431979
    }
}