{
    "model_name": "CyberDefender_20251213_100000",
    "evaluation_date": "2025-12-13T00:48:07.581318",
    "metrics": {
        "accuracy": 0.96665,
        "precision_weighted": 0.9692978416143482,
        "recall_weighted": 0.96665,
        "f1_weighted": 0.966576748328828,
        "precision_macro": 0.8077081983728617,
        "recall_macro": 0.8056949889397109,
        "f1_macro": 0.8055366164611621,
        "precision_micro": 0.96665,
        "recall_micro": 0.96665,
        "f1_micro": 0.96665,
        "precision_per_class": [
            0.959675495108566,
            0.9997181510710259,
            0.0,
            0.9943459264970445,
            1.0,
            0.892509617560534
        ],
        "recall_per_class": [
            1.0,
            0.8825578502114954,
            0.0,
            0.9757881462799496,
            0.981371087928465,
            0.994452849218356
        ],
        "f1_per_class": [
            0.9794228661877511,
            0.9374917404519625,
            0.0,
            0.984979633401222,
            0.9905979691613388,
            0.9407274895646989
        ],
        "confusion_matrix": [
            [
                4022,
                0,
                0,
                0,
                0,
                0
            ],
            [
                0,
                3547,
                0,
                0,
                0,
                472
            ],
            [
                0,
                1,
                0,
                0,
                0,
                1
            ],
            [
                94,
                0,
                0,
                3869,
                0,
                2
            ],
            [
                75,
                0,
                0,
                0,
                3951,
                0
            ],
            [
                0,
                0,
                0,
                22,
                0,
                3944
            ]
        ],
        "mcc": 0.9590151709420988,
        "cohen_kappa": 0.9583156381811269,
        "roc_auc_ovr": 0.9985468994953821,
        "roc_auc_ovo": 0.9849082765853048,
        "roc_auc_per_class": [
            0.9995009765727727,
            0.9969908437705456,
            0.9415691569156915,
            0.9996409021721478,
            0.9999210714430323,
            0.9966962460822191
        ],
        "classification_report": {
            "Brute Force": {
                "precision": 0.959675495108566,
                "recall": 1.0,
                "f1-score": 0.9794228661877511,
                "support": 4022.0
            },
            "DDoS": {
                "precision": 0.9997181510710259,
                "recall": 0.8825578502114954,
                "f1-score": 0.9374917404519625,
                "support": 4019.0
            },
            "Malware": {
                "precision": 0.0,
                "recall": 0.0,
                "f1-score": 0.0,
                "support": 2.0
            },
            "Port Scan": {
                "precision": 0.9943459264970445,
                "recall": 0.9757881462799496,
                "f1-score": 0.984979633401222,
                "support": 3965.0
            },
            "SQL Injection": {
                "precision": 1.0,
                "recall": 0.981371087928465,
                "f1-score": 0.9905979691613388,
                "support": 4026.0
            },
            "XSS": {
                "precision": 0.892509617560534,
                "recall": 0.994452849218356,
                "f1-score": 0.9407274895646989,
                "support": 3966.0
            },
            "accuracy": 0.96665,
            "macro avg": {
                "precision": 0.8077081983728617,
                "recall": 0.8056949889397109,
                "f1-score": 0.8055366164611621,
                "support": 20000.0
            },
            "weighted avg": {
                "precision": 0.9692978416143482,
                "recall": 0.96665,
                "f1-score": 0.966576748328828,
                "support": 20000.0
            }
        }
    },
    "confusion_matrix_metrics": {
        "Brute Force": {
            "tp": 4022,
            "fp": 169,
            "fn": 0,
            "tn": 15809,
            "accuracy": 0.99155,
            "precision": 0.959675495108566,
            "recall": 1.0,
            "specificity": 0.9894229565652772,
            "f1_score": 0.9794228661877511
        },
        "DDoS": {
            "tp": 3547,
            "fp": 1,
            "fn": 472,
            "tn": 15980,
            "accuracy": 0.97635,
            "precision": 0.9997181510710259,
            "recall": 0.8825578502114954,
            "specificity": 0.9999374256930105,
            "f1_score": 0.9374917404519625
        },
        "Malware": {
            "tp": 0,
            "fp": 0,
            "fn": 2,
            "tn": 19998,
            "accuracy": 0.9999,
            "precision": 0.0,
            "recall": 0.0,
            "specificity": 1.0,
            "f1_score": 0.0
        },
        "Port Scan": {
            "tp": 3869,
            "fp": 22,
            "fn": 96,
            "tn": 16013,
            "accuracy": 0.9941,
            "precision": 0.9943459264970445,
            "recall": 0.9757881462799496,
            "specificity": 0.9986280012472716,
            "f1_score": 0.984979633401222
        },
        "SQL Injection": {
            "tp": 3951,
            "fp": 0,
            "fn": 75,
            "tn": 15974,
            "accuracy": 0.99625,
            "precision": 1.0,
            "recall": 0.981371087928465,
            "specificity": 1.0,
            "f1_score": 0.9905979691613388
        },
        "XSS": {
            "tp": 3944,
            "fp": 475,
            "fn": 22,
            "tn": 15559,
            "accuracy": 0.97515,
            "precision": 0.892509617560534,
            "recall": 0.994452849218356,
            "specificity": 0.9703754521641512,
            "f1_score": 0.9407274895646989
        }
    },
    "summary": {
        "accuracy": 0.96665,
        "precision": 0.9692978416143482,
        "recall": 0.96665,
        "f1_score": 0.966576748328828,
        "roc_auc": 0.9985468994953821
    }
}