{
  "strategy": "SMOTE + Data Augmentation",
  "accuracy": 0.9540660377123096,
  "precision": 0.9575722724356223,
  "recall": 0.9540660377123096,
  "f1_score": 0.9526744226404632,
  "best_val_accuracy": 0.9542443156242371,
  "created_at": "2026-01-08T12:48:28.510178"
}