{
  "strategy": "Full Dataset + Long Training",
  "accuracy": 0.9883,
  "precision": 0.9883093210314431,
  "recall": 0.9883,
  "f1_score": 0.9880802105726855,
  "best_val_accuracy": 0.9882375001907349,
  "samples": 1000000,
  "epochs_run": 78,
  "created_at": "2026-01-08T17:41:04.666101"
}