{
  "strategy": "SSA Final Training",
  "accuracy": 0.9851625,
  "precision": 0.9850664035421991,
  "recall": 0.9851625,
  "f1_score": 0.984733603998947,
  "best_val_accuracy": 0.9856874942779541,
  "hyperparameters": {
    "conv_filters": 180,
    "lstm_units": 200,
    "dense_units": 380,
    "dropout": 0.25,
    "learning_rate": 0.0015,
    "batch_size": 256
  },
  "samples": 800000,
  "epochs_run": 34,
  "created_at": "2026-01-08T21:54:51.094501"
}