{
  "strategy": "Transfer Learning",
  "accuracy": 0.98742,
  "precision": 0.9875002917141901,
  "recall": 0.98742,
  "f1_score": 0.9871761032307659,
  "phase1_accuracy": 0.986050009727478,
  "phase2_accuracy": 0.98785001039505,
  "created_at": "2026-01-08T11:11:58.228003"
}