{
    "model_name": "CyberThreat_20251213",
    "evaluation_date": "2025-12-13T13:25:31.274669",
    "metrics": {
        "accuracy": 0.966775,
        "precision_weighted": 0.9694573705628291,
        "recall_weighted": 0.966775,
        "f1_weighted": 0.9667063045074977,
        "precision_macro": 0.807946706518948,
        "recall_macro": 0.8057357342999077,
        "f1_macro": 0.8056669458868227,
        "precision_micro": 0.966775,
        "recall_micro": 0.966775,
        "f1_micro": 0.966775,
        "precision_per_class": [
            0.9597708010027456,
            0.9995760915642221,
            0.0,
            0.9968075596986337,
            0.9982074263764404,
            0.8933183604716451
        ],
        "recall_per_class": [
            0.9983856947721346,
            0.8823749532243982,
            0.0,
            0.9734380845491957,
            0.9835982841281857,
            0.9966173891255324
        ],
        "f1_per_class": [
            0.9786975045648204,
            0.9373260898370214,
            0.0,
            0.9849842271293375,
            0.990849008642603,
            0.9421448451471546
        ],
        "confusion_matrix": [
            [
                8040,
                0,
                0,
                0,
                13,
                0
            ],
            [
                0,
                7074,
                0,
                0,
                0,
                943
            ],
            [
                0,
                1,
                0,
                0,
                0,
                2
            ],
            [
                207,
                0,
                0,
                7806,
                1,
                5
            ],
            [
                130,
                0,
                0,
                0,
                7796,
                0
            ],
            [
                0,
                2,
                0,
                25,
                0,
                7955
            ]
        ],
        "mcc": 0.9591777069856203,
        "cohen_kappa": 0.9584695660405816,
        "roc_auc_ovr": 0.9986121340173848,
        "roc_auc_ovo": 0.9905010242920224,
        "roc_auc_per_class": [
            0.9994411962060392,
            0.9971183510935833,
            0.9631555700010835,
            0.9997126130652172,
            0.9998858147724907,
            0.996919031341037
        ],
        "classification_report": {
            "Brute Force": {
                "precision": 0.9597708010027456,
                "recall": 0.9983856947721346,
                "f1-score": 0.9786975045648204,
                "support": 8053.0
            },
            "DDoS": {
                "precision": 0.9995760915642221,
                "recall": 0.8823749532243982,
                "f1-score": 0.9373260898370214,
                "support": 8017.0
            },
            "Malware": {
                "precision": 0.0,
                "recall": 0.0,
                "f1-score": 0.0,
                "support": 3.0
            },
            "Port Scan": {
                "precision": 0.9968075596986337,
                "recall": 0.9734380845491957,
                "f1-score": 0.9849842271293375,
                "support": 8019.0
            },
            "SQL Injection": {
                "precision": 0.9982074263764404,
                "recall": 0.9835982841281857,
                "f1-score": 0.990849008642603,
                "support": 7926.0
            },
            "XSS": {
                "precision": 0.8933183604716451,
                "recall": 0.9966173891255324,
                "f1-score": 0.9421448451471546,
                "support": 7982.0
            },
            "accuracy": 0.966775,
            "macro avg": {
                "precision": 0.807946706518948,
                "recall": 0.8057357342999077,
                "f1-score": 0.8056669458868227,
                "support": 40000.0
            },
            "weighted avg": {
                "precision": 0.9694573705628291,
                "recall": 0.966775,
                "f1-score": 0.9667063045074977,
                "support": 40000.0
            }
        }
    },
    "confusion_matrix_metrics": {
        "Brute Force": {
            "tp": 8040,
            "fp": 337,
            "fn": 13,
            "tn": 31610,
            "accuracy": 0.99125,
            "precision": 0.9597708010027456,
            "recall": 0.9983856947721346,
            "specificity": 0.9894512786803142,
            "f1_score": 0.9786975045648204
        },
        "DDoS": {
            "tp": 7074,
            "fp": 3,
            "fn": 943,
            "tn": 31980,
            "accuracy": 0.97635,
            "precision": 0.9995760915642221,
            "recall": 0.8823749532243982,
            "specificity": 0.9999062001688397,
            "f1_score": 0.9373260898370213
        },
        "Malware": {
            "tp": 0,
            "fp": 0,
            "fn": 3,
            "tn": 39997,
            "accuracy": 0.999925,
            "precision": 0.0,
            "recall": 0.0,
            "specificity": 1.0,
            "f1_score": 0.0
        },
        "Port Scan": {
            "tp": 7806,
            "fp": 25,
            "fn": 213,
            "tn": 31956,
            "accuracy": 0.99405,
            "precision": 0.9968075596986337,
            "recall": 0.9734380845491957,
            "specificity": 0.9992182858572277,
            "f1_score": 0.9849842271293375
        },
        "SQL Injection": {
            "tp": 7796,
            "fp": 14,
            "fn": 130,
            "tn": 32060,
            "accuracy": 0.9964,
            "precision": 0.9982074263764404,
            "recall": 0.9835982841281857,
            "specificity": 0.9995635093845482,
            "f1_score": 0.9908490086426028
        },
        "XSS": {
            "tp": 7955,
            "fp": 950,
            "fn": 27,
            "tn": 31068,
            "accuracy": 0.975575,
            "precision": 0.8933183604716451,
            "recall": 0.9966173891255324,
            "specificity": 0.9703291898307203,
            "f1_score": 0.9421448451471546
        }
    },
    "summary": {
        "accuracy": 0.966775,
        "precision": 0.9694573705628291,
        "recall": 0.966775,
        "f1_score": 0.9667063045074977,
        "roc_auc": 0.9986121340173848
    }
}