{
  "algorithm": "SSA",
  "best_params": {
    "conv_filters": 128,
    "lstm_units": 256,
    "dense_units": 512,
    "dropout": 0.33603125438098536
  },
  "best_objective": -0.9911679555083716,
  "convergence_history": [
    -0.9863729101952735,
    -0.9865880778481202,
    -0.9903939205342169,
    -0.9904426375409023,
    -0.9904426375409023,
    -0.9910983624746182,
    -0.9910983624746182,
    -0.9910983624746182,
    -0.9910983624746182,
    -0.9910983624746182,
    -0.9910983624746182,
    -0.9910983624746182,
    -0.9910983624746182,
    -0.9910983624746182,
    -0.9910983624746182,
    -0.9910983624746182,
    -0.9910983624746182,
    -0.9910983624746182,
    -0.9910983624746182,
    -0.9910983624746182,
    -0.9910983624746182,
    -0.9910983624746182,
    -0.9910983624746182,
    -0.9910983624746182,
    -0.9910983624746182,
    -0.9910983624746182,
    -0.9910983624746182,
    -0.9910983624746182,
    -0.9910983624746182,
    -0.9910983624746182,
    -0.9910983624746182,
    -0.9910983624746182,
    -0.9910983624746182,
    -0.9910983624746182,
    -0.9910983624746182,
    -0.9910983624746182,
    -0.9910983624746182,
    -0.9910983624746182,
    -0.9910983624746182,
    -0.9910983624746182,
    -0.9910983624746182,
    -0.9910983624746182,
    -0.9911679555083716,
    -0.9911679555083716,
    -0.9911679555083716,
    -0.9911679555083716,
    -0.9911679555083716,
    -0.9911679555083716,
    -0.9911679555083716,
    -0.9911679555083716
  ],
  "created_at": "2026-01-07T18:44:35.010913"
}