{
  "nsl_kdd": {
    "final_loss": 0.043658893555402756,
    "final_accuracy": 0.991100013256073,
    "epochs_trained": 9,
    "params": {
      "conv_filters": 30,
      "kernel_size": 5,
      "lstm_units": 120,
      "dense_units": 512,
      "dropout_rate": 0.2,
      "batch_size": 120,
      "epochs": 300,
      "early_stopping_patience": 6,
      "learning_rate": 0.001
    },
    "final_val_loss": 0.21131110191345215,
    "final_val_accuracy": 0.9527999758720398,
    "accuracy": 0.9476,
    "precision": 0.9410128060994238,
    "recall": 0.9476,
    "f1_score": 0.943901366855909,
    "class_names": [
      "Normal",
      "DoS",
      "Probe",
      "R2L",
      "U2R",
      "Other"
    ]
  }
}