{
    "model_name": "CyberDefender_20251229_50000",
    "evaluation_date": "2025-12-29T17:06:45.372163",
    "metrics": {
        "accuracy": 0.9691,
        "precision_weighted": 0.970517933611714,
        "recall_weighted": 0.9691,
        "f1_weighted": 0.9690273712662784,
        "precision_macro": 0.8088879704748452,
        "recall_macro": 0.8075993924341888,
        "f1_macro": 0.8075914526408505,
        "precision_micro": 0.9691,
        "recall_micro": 0.9691,
        "f1_micro": 0.9691,
        "precision_per_class": [
            0.9672447013487476,
            0.9884105960264901,
            0.0,
            0.9909319899244332,
            1.0,
            0.9067405355493998
        ],
        "recall_per_class": [
            1.0,
            0.8990963855421686,
            0.0,
            0.982026959560659,
            0.9839438033115906,
            0.9805292061907139
        ],
        "f1_per_class": [
            0.9833496571988247,
            0.9416403785488959,
            0.0,
            0.9864593781344032,
            0.9919069296914517,
            0.942192372271528
        ],
        "confusion_matrix": [
            [
                2008,
                0,
                0,
                0,
                0,
                0
            ],
            [
                0,
                1791,
                0,
                0,
                0,
                201
            ],
            [
                0,
                0,
                0,
                0,
                0,
                1
            ],
            [
                36,
                0,
                0,
                1967,
                0,
                0
            ],
            [
                32,
                0,
                0,
                0,
                1961,
                0
            ],
            [
                0,
                21,
                0,
                18,
                0,
                1964
            ]
        ],
        "mcc": 0.9617650714457164,
        "cohen_kappa": 0.9613745953988868,
        "roc_auc_ovr": 0.9985897351704789,
        "roc_auc_ovo": 0.9938729806097424,
        "roc_auc_per_class": [
            0.9995732161444313,
            0.9970717660853203,
            0.9956995699569957,
            0.9998088399475316,
            0.999918034589779,
            0.9965741022079485
        ],
        "classification_report": {
            "Brute Force": {
                "precision": 0.9672447013487476,
                "recall": 1.0,
                "f1-score": 0.9833496571988247,
                "support": 2008.0
            },
            "DDoS": {
                "precision": 0.9884105960264901,
                "recall": 0.8990963855421686,
                "f1-score": 0.9416403785488959,
                "support": 1992.0
            },
            "Malware": {
                "precision": 0.0,
                "recall": 0.0,
                "f1-score": 0.0,
                "support": 1.0
            },
            "Port Scan": {
                "precision": 0.9909319899244332,
                "recall": 0.982026959560659,
                "f1-score": 0.9864593781344032,
                "support": 2003.0
            },
            "SQL Injection": {
                "precision": 1.0,
                "recall": 0.9839438033115906,
                "f1-score": 0.9919069296914517,
                "support": 1993.0
            },
            "XSS": {
                "precision": 0.9067405355493998,
                "recall": 0.9805292061907139,
                "f1-score": 0.942192372271528,
                "support": 2003.0
            },
            "accuracy": 0.9691,
            "macro avg": {
                "precision": 0.8088879704748452,
                "recall": 0.8075993924341888,
                "f1-score": 0.8075914526408505,
                "support": 10000.0
            },
            "weighted avg": {
                "precision": 0.970517933611714,
                "recall": 0.9691,
                "f1-score": 0.9690273712662784,
                "support": 10000.0
            }
        }
    },
    "confusion_matrix_metrics": {
        "Brute Force": {
            "tp": 2008,
            "fp": 68,
            "fn": 0,
            "tn": 7924,
            "accuracy": 0.9932,
            "precision": 0.9672447013487476,
            "recall": 1.0,
            "specificity": 0.9914914914914915,
            "f1_score": 0.9833496571988247
        },
        "DDoS": {
            "tp": 1791,
            "fp": 21,
            "fn": 201,
            "tn": 7987,
            "accuracy": 0.9778,
            "precision": 0.9884105960264901,
            "recall": 0.8990963855421686,
            "specificity": 0.9973776223776224,
            "f1_score": 0.9416403785488959
        },
        "Malware": {
            "tp": 0,
            "fp": 0,
            "fn": 1,
            "tn": 9999,
            "accuracy": 0.9999,
            "precision": 0.0,
            "recall": 0.0,
            "specificity": 1.0,
            "f1_score": 0.0
        },
        "Port Scan": {
            "tp": 1967,
            "fp": 18,
            "fn": 36,
            "tn": 7979,
            "accuracy": 0.9946,
            "precision": 0.9909319899244332,
            "recall": 0.982026959560659,
            "specificity": 0.997749155933475,
            "f1_score": 0.9864593781344032
        },
        "SQL Injection": {
            "tp": 1961,
            "fp": 0,
            "fn": 32,
            "tn": 8007,
            "accuracy": 0.9968,
            "precision": 1.0,
            "recall": 0.9839438033115906,
            "specificity": 1.0,
            "f1_score": 0.9919069296914517
        },
        "XSS": {
            "tp": 1964,
            "fp": 202,
            "fn": 39,
            "tn": 7795,
            "accuracy": 0.9759,
            "precision": 0.9067405355493998,
            "recall": 0.9805292061907139,
            "specificity": 0.9747405276978867,
            "f1_score": 0.942192372271528
        }
    },
    "summary": {
        "accuracy": 0.9691,
        "precision": 0.970517933611714,
        "recall": 0.9691,
        "f1_score": 0.9690273712662784,
        "roc_auc": 0.9985897351704789
    }
}